[
  {
    "id": 1,
    "priority": 1,
    "action": {
      "type": "modifyHeaders",
      "requestHeaders": [
        { "header": "Origin",         "operation": "remove" },
        { "header": "Referer",        "operation": "remove" },
        { "header": "Sec-Fetch-Site", "operation": "remove" },
        { "header": "Sec-Fetch-Mode", "operation": "remove" },
        { "header": "Sec-Fetch-Dest", "operation": "remove" }
      ]
    },
    "condition": {
      "urlFilter": "||api.elections.kalshi.com/"
    }
  }
]
